paidefamiliaancap,CypherChameleon,uziel7,IIRonII,tiovando,evil-operationz,BrunoofBrazil,Hedupigosso,shmyazoo,Southern_Copy_4128,EmploymentNo3326,weirnd201,Di62028,wiktor_janzen,jeferson_slip01,FirstFoulTarnished,LelesTech,Ok-Attempt-2854,Bashion,Andre_BR1,Waldonville,Legitimate-Mud-60,Stunning_Pinga,Juguim
1702243588.0,1702246711.0,1701969835.0,1702150691.0,1701973983.0,1702230596.0,1702233553.0,1671100229.0,1701965747.0,1702070490.0,1702247214.0,1701916300.0,1702224524.0,1702086885.0,1702037966.0,1701406958.0,1701962757.0,1701908962.0,1701976897.0,1702147666.0,1702095272.0,1702222975.0,1702223814.0,1699379975.0
1702222225.0,1702245601.0,1640278198.0,1701966359.0,1701970028.0,1702229922.0,1702212384.0,1701998981.0,1701375515.0,1702001388.0,1702214859.0,1701916287.0,1702222658.0,1702066575.0,1701922154.0,1701282529.0,1701961152.0,1701828461.0,1701976616.0,1702121062.0,1702085528.0,1702183913.0,1702219099.0,1702172448.0
1702169072.0,1702238039.0,1702240093.0,1701960593.0,1701962194.0,1702149482.0,1701966815.0,1701229190.0,1701354541.0,1701954637.0,1702120097.0,1701916227.0,1702211611.0,1702065866.0,1701699848.0,1701282163.0,1701959148.0,1701465097.0,1701914400.0,1702080335.0,1702079974.0,1702172956.0,1702201237.0,1702142279.0
1702159912.0,1702184855.0,1702239955.0,1701959959.0,1701923533.0,1702058086.0,1701959793.0,1700526578.0,1701185025.0,1701954586.0,1702115181.0,1701658066.0,1702180297.0,1701919551.0,1701306160.0,1701273793.0,1701959087.0,1701303955.0,1701875222.0,1702048459.0,1702079921.0,1702167870.0,1702174943.0,1702141741.0
1702159727.0,1702172435.0,1702164875.0,1701959575.0,1701923163.0,1702007744.0,1701959561.0,1699899108.0,1700928756.0,1701954201.0,1702114744.0,1701651831.0,1702177919.0,1701707331.0,1701303092.0,1701273694.0,1701929369.0,1701295354.0,1701875053.0,1701981133.0,1702002797.0,1702167098.0,1702153291.0,1702091387.0
1702158330.0,1702172248.0,1702163985.0,1701958822.0,1701900710.0,1701973818.0,1701958975.0,1695422042.0,1700577694.0,1701808845.0,1702037043.0,1701651517.0,1702140878.0,1701430221.0,1701302494.0,1701273621.0,1701880446.0,1701293613.0,1701815261.0,1701963869.0,1701986123.0,1702166019.0,1702066220.0,1702090617.0
1702151116.0,1702157374.0,1702158579.0,1701911336.0,1701900093.0,1701972474.0,1701957364.0,1691591577.0,1700548309.0,1701657272.0,1701955067.0,1701651162.0,1702140135.0,1701429880.0,1701119889.0,1701273563.0,1701869806.0,1701286449.0,1701793113.0,1701961876.0,1701889954.0,1702141701.0,1702064000.0,1702088579.0
1702143915.0,1702155123.0,1702158278.0,1701736363.0,1701897136.0,1701971965.0,1701941091.0,1690595369.0,1700489751.0,1701655427.0,1701941524.0,1701647197.0,1702138716.0,1701403357.0,1700787508.0,1701273414.0,1701459546.0,1701286345.0,1701713914.0,1701941661.0,1701712531.0,1702140251.0,1702060440.0,1702070144.0
1702134857.0,1702142564.0,1702158172.0,1701728396.0,1701313713.0,1701971450.0,1701893043.0,1687918842.0,1699970623.0,1701476403.0,1701767548.0,1701646849.0,1702091022.0,1701373821.0,1700782883.0,1701273206.0,1701439546.0,1701266083.0,1701659872.0,1701885338.0,1701712485.0,1702138515.0,1702057501.0,1702048645.0
1702131898.0,1702139026.0,1702157825.0,1701434344.0,1701296032.0,1701969252.0,1701829824.0,1687101500.0,1699921350.0,1701387077.0,1701767393.0,1701646817.0,1702085141.0,1701286228.0,1700775751.0,1701272892.0,1701439519.0,1701260665.0,1701659615.0,1701867592.0,1701538561.0,1702130908.0,1702046249.0,1702048452.0
1702131880.0,1702137774.0,1702157716.0,1701433958.0,1701293907.0,1701968876.0,1701694519.0,1687015016.0,1699891524.0,1701369528.0,1701693781.0,1701646767.0,1702037932.0,1701225979.0,1700752223.0,1701272740.0,1701353224.0,1701219313.0,1701646353.0,1701861596.0,1701480123.0,1702130519.0,1702042028.0,1702020173.0
1702119704.0,1702137552.0,1702131944.0,1701088038.0,1701293870.0,1701967021.0,1701631938.0,1686949311.0,1699466730.0,1701369416.0,1701682143.0,1701638228.0,1701998182.0,1701225562.0,1700134991.0,1701272660.0,1701349583.0,1701202790.0,1701641503.0,1701801956.0,1701473332.0,1702129262.0,1702039294.0,1702018032.0
1702119670.0,1702057184.0,1702131859.0,1700920670.0,1701293667.0,1701965085.0,1701621888.0,1686947549.0,1699466122.0,1701369284.0,1701651657.0,1701637752.0,1701979665.0,1701218480.0,1699983921.0,1701271828.0,1701348705.0,1701050430.0,1701560768.0,1701788953.0,1701468556.0,1701962425.0,1702039204.0,1702017957.0
1702119115.0,1702053057.0,1702096054.0,1700787817.0,1701277443.0,1701964210.0,1701621023.0,1686947506.0,1699464772.0,1701206331.0,1701643588.0,1701636837.0,1701975335.0,1701218266.0,1699982366.0,1701271751.0,1701298621.0,1700952823.0,1701560697.0,1701785005.0,1701461555.0,1701961796.0,1702036444.0,1702017502.0
1702118367.0,1702050633.0,1702069594.0,1700759633.0,1701277289.0,1701963735.0,1701619372.0,1686947396.0,1699411188.0,1700970076.0,1701625046.0,1701633511.0,1701964577.0,1701172902.0,1699980912.0,1701271586.0,1701284956.0,1700952642.0,1701555015.0,1701777592.0,1701460889.0,1701945308.0,1702026641.0,1702015108.0
1701954971.0,1702049415.0,1702065997.0,1700759270.0,1701276261.0,1701960205.0,1701618653.0,1686940891.0,1699398879.0,1700947547.0,1701621107.0,1701633474.0,1701962138.0,1701171348.0,1699921786.0,1701271502.0,1701282438.0,1700938912.0,1701554978.0,1701772717.0,1701384444.0,1701944762.0,1702025897.0,1702010421.0
1701951512.0,1702048122.0,1702065953.0,1700747829.0,1701276167.0,1701960046.0,1701609986.0,1686940882.0,1699052271.0,1700946925.0,1701603245.0,1701503389.0,1701900077.0,1701139869.0,1699912726.0,1701271446.0,1701264972.0,1700937972.0,1701554786.0,1701720739.0,1701369163.0,1701909747.0,1702025790.0,1702010080.0
1701878219.0,1701987429.0,1702064708.0,1700744722.0,1701273433.0,1701960004.0,1701609708.0,1686785186.0,1699040768.0,1700929154.0,1701603237.0,1701501492.0,1701899459.0,1701129999.0,1699894595.0,1701271332.0,1701264917.0,1700933758.0,1701478126.0,1701711707.0,1701190286.0,1701908272.0,1702025541.0,1702009805.0
1701877687.0,1701983035.0,1702064598.0,1700742754.0,1701273097.0,1701832698.0,1701608891.0,1686060341.0,1698982062.0,1700928620.0,1701576312.0,1701501430.0,1701836455.0,1701109377.0,1699888542.0,1701269907.0,1701202396.0,1700932378.0,1701444732.0,1701694887.0,1701189630.0,1701874017.0,1701997452.0,1702009630.0
1701877608.0,1701976716.0,1702062267.0,1700742416.0,1701273044.0,1701808375.0,1701606750.0,1686054201.0,1698852744.0,1700928412.0,1701552141.0,1701380733.0,1701833275.0,1701102323.0,1699874947.0,1701269861.0,1701199794.0,1700883618.0,1701390334.0,1701690363.0,1700841267.0,1701856437.0,1701997379.0,1702008935.0
1701852091.0,1701965150.0,1702061632.0,1700741362.0,1701272982.0,1701799503.0,1701385209.0,1685725049.0,1698851514.0,1700831895.0,1701547447.0,1701380703.0,1701832862.0,1701102295.0,1699835991.0,1701216460.0,1701181179.0,1700856467.0,1701385590.0,1701602123.0,1700789261.0,1701810751.0,1701995178.0,1702007532.0
1701779203.0,1701963324.0,1702060614.0,1700741016.0,1701272909.0,1701797566.0,1701269376.0,1685566767.0,1698841384.0,1700772727.0,1701538811.0,1701380644.0,1701829365.0,1701101760.0,1699644520.0,1701216316.0,1701179959.0,1700825464.0,1701356593.0,1701475026.0,1700611772.0,1701799083.0,1701991265.0,1702007196.0
1701779161.0,1701898562.0,1702060458.0,1700737706.0,1701272535.0,1701797057.0,1701035157.0,1685484359.0,1698816675.0,1700754156.0,1701536514.0,1701369765.0,1701829284.0,1701100783.0,1699634863.0,1701216219.0,1701179819.0,1700786190.0,1701315742.0,1701343602.0,1700586406.0,1701798587.0,1701984783.0,1702003054.0
1701779104.0,1701896394.0,1702058945.0,1700737505.0,1701272470.0,1701749319.0,1700944702.0,1685484219.0,1698816621.0,1700680999.0,1701535732.0,1700942232.0,1701821793.0,1701090478.0,1699634606.0,1701216031.0,1701179551.0,1700784389.0,1701258378.0,1701295324.0,1700567265.0,1701795263.0,1701982700.0,1701999084.0
1701779057.0,1701883805.0,1702058736.0,1700700144.0,1701272394.0,1701723648.0,1700934610.0,1685233302.0,1698814687.0,1700680374.0,1701519563.0,1700838843.0,1701821352.0,1701086932.0,1699624151.0,1701214359.0,1701179494.0,1700698941.0,1701258137.0,1701294477.0,1700524938.0,1701795178.0,1701981071.0,1701999063.0
1701776762.0,1701880241.0,1702052390.0,1700696164.0,1701272068.0,1701723574.0,1700919562.0,1684093268.0,1698790170.0,1700531233.0,1701514884.0,1700837572.0,1701821017.0,1701057435.0,1699586354.0,1701179075.0,1701179344.0,1700697683.0,1701257703.0,1701281878.0,1700521358.0,1701794569.0,1701976697.0,1701999006.0
1701770227.0,1701821308.0,1702050887.0,1700695986.0,1701271843.0,1701723394.0,1700617895.0,1683065619.0,1698740554.0,1700519935.0,1701511345.0,1700827752.0,1701753514.0,1701053976.0,1699581321.0,1701178821.0,1701178934.0,1700697559.0,1701219252.0,1701281842.0,1700521335.0,1701786204.0,1701975770.0,1701928456.0
1701770181.0,1701819676.0,1702050827.0,1700691469.0,1701271649.0,1701716622.0,1700617550.0,1682625163.0,1698728643.0,1700514662.0,1701508779.0,1700827743.0,1701752469.0,1701005243.0,1699577021.0,1701178504.0,1701178541.0,1700681868.0,1701215791.0,1701281760.0,1700520809.0,1701785983.0,1701974892.0,1701918979.0
1701769938.0,1701819523.0,1702050749.0,1700689660.0,1701271606.0,1701716496.0,1700592877.0,1682286298.0,1698725866.0,1700513993.0,1701463314.0,1700760177.0,1701750336.0,1700970170.0,1699574207.0,1701142768.0,1701178103.0,1700662266.0,1701214984.0,1701255976.0,1700520774.0,1701771836.0,1701974860.0,1701918791.0
1701737886.0,1701817911.0,1702050287.0,1700689548.0,1701271532.0,1701695833.0,1700514307.0,1682270436.0,1698351994.0,1700448735.0,1701448098.0,1700760163.0,1701733938.0,1700968002.0,1699566210.0,1701142706.0,1701168797.0,1700659373.0,1701206722.0,1701255820.0,1700519806.0,1701739665.0,1701972059.0,1701918340.0
1701703996.0,1701803030.0,1702049056.0,1700687884.0,1701271482.0,1701580271.0,1700441708.0,1682270363.0,1698288994.0,1700446573.0,1701447966.0,1700760122.0,1701732824.0,1700966585.0,1699560523.0,1701140589.0,1700925454.0,1700608333.0,1701205593.0,1701201971.0,1700519529.0,1701739522.0,1701971937.0,1701918256.0
1701687079.0,1701797369.0,1702047541.0,1700687294.0,1701271408.0,1701532411.0,1700441408.0,1682174337.0,1697747366.0,1700446370.0,1701447553.0,1700409893.0,1701732701.0,1700966420.0,1699558174.0,1701140496.0,1700924515.0,1700528652.0,1701134957.0,1701117857.0,1700494525.0,1701633461.0,1701968913.0,1701918172.0
1701636306.0,1701736305.0,1702045493.0,1700682645.0,1701270750.0,1701477055.0,1700441141.0,1682173835.0,1697747241.0,1700439142.0,1701447469.0,1700409831.0,1701732198.0,1700955049.0,1699557662.0,1701140419.0,1700875903.0,1700413989.0,1700850296.0,1701116950.0,1700494472.0,1701528438.0,1701964367.0,1701907669.0
1701550106.0,1701733205.0,1702042243.0,1700681525.0,1701270605.0,1701476856.0,1700270548.0,1681688684.0,1697747142.0,1700347420.0,1701437543.0,1699833686.0,1701729611.0,1700785406.0,1699489515.0,1701136717.0,1700869641.0,1700411436.0,1700771867.0,1701116614.0,1700494328.0,1701450398.0,1701964117.0,1701906827.0
1701539526.0,1701725200.0,1702039814.0,1700681224.0,1701270326.0,1701461559.0,1700248643.0,1681559008.0,1697655207.0,1700270241.0,1701435975.0,1699832243.0,1701723617.0,1700782291.0,1699401669.0,1701136625.0,1700869582.0,1700059485.0,1700706495.0,1701116267.0,1700410849.0,1701437973.0,1701960280.0,1701904798.0
1701539495.0,1701723509.0,1702038457.0,1700680328.0,1701270135.0,1701456178.0,1700241085.0,1681486877.0,1697574974.0,1700168367.0,1701403623.0,1699726911.0,1701723291.0,1700780297.0,1699390701.0,1701133735.0,1700869536.0,1700013299.0,1700704348.0,1701097947.0,1700404186.0,1701389400.0,1701959502.0,1701891360.0
1701538517.0,1701718437.0,1702001109.0,1700679913.0,1701269036.0,1701456096.0,1700240228.0,1681467911.0,1697483404.0,1700168269.0,1701376894.0,1699467551.0,1701722631.0,1700747211.0,1699387501.0,1701133683.0,1700869493.0,1699988449.0,1700704252.0,1701091697.0,1700360522.0,1701384083.0,1701959239.0,1701889797.0
1701519911.0,1701716008.0,1701996635.0,1700679622.0,1701268827.0,1701442006.0,1700232450.0,1679935055.0,1697483330.0,1699982000.0,1701346124.0,1699310123.0,1701722224.0,1700679533.0,1699376859.0,1701133550.0,1700869397.0,1699919439.0,1700678237.0,1701081571.0,1700359531.0,1701383352.0,1701959153.0,1701888973.0
1701519718.0,1701714568.0,1701996540.0,1700673150.0,1701268621.0,1701441525.0,1700232396.0,1676572671.0,1697461979.0,1699981843.0,1701257535.0,1699310107.0,1701722059.0,1700618184.0,1699315359.0,1701133312.0,1700869359.0,1699916276.0,1700668736.0,1701032775.0,1700336739.0,1701382740.0,1701958180.0,1701888724.0
1701467355.0,1701706978.0,1701981363.0,1700595172.0,1701268455.0,1701441147.0,1699959323.0,1671380896.0,1697461822.0,1699930030.0,1701253949.0,1699131759.0,1701720988.0,1700612294.0,1699293435.0,1701133206.0,1700869314.0,1699824876.0,1700668596.0,1701032419.0,1700326782.0,1701371327.0,1701958072.0,1701888624.0
1701467329.0,1701706795.0,1701981080.0,1700575151.0,1701268300.0,1701416477.0,1699871315.0,1671378679.0,1697382550.0,1699898740.0,1701253810.0,1699104000.0,1701714679.0,1700604605.0,1699240767.0,1701133040.0,1700842197.0,1699717513.0,1700612099.0,1700993191.0,1700326364.0,1701356670.0,1701957977.0,1701886462.0
1701455158.0,1701647086.0,1701978448.0,1700501863.0,1701267909.0,1701384461.0,1699789939.0,1671377906.0,1697145595.0,1699898574.0,1701253192.0,1699009871.0,1701710214.0,1700604497.0,1699223502.0,1701132546.0,1700842174.0,1699667927.0,1700611290.0,1700990483.0,1700320628.0,1701351000.0,1701956721.0,1701886389.0
1701455069.0,1701642046.0,1701978129.0,1700501349.0,1701267384.0,1701377410.0,1699728936.0,1671320702.0,1697145473.0,1699838087.0,1701252430.0,1699009853.0,1701706315.0,1700604404.0,1699219730.0,1701132394.0,1700837069.0,1699648387.0,1700587573.0,1700958097.0,1700162052.0,1701288136.0,1701955653.0,1701885783.0
1701435307.0,1701635068.0,1701977230.0,1700495387.0,1701267251.0,1701376420.0,1699701999.0,1671225393.0,1697137729.0,1699832078.0,1701208553.0,1698490856.0,1701703838.0,1700596855.0,1699218469.0,1701132226.0,1700836441.0,1699648190.0,1700581713.0,1700951613.0,1700101517.0,1701284314.0,1701955077.0,1701880429.0
1701373811.0,1701633311.0,1701973734.0,1700439184.0,1701266842.0,1701365010.0,1698925156.0,1671207706.0,1697137426.0,1699821203.0,1701185765.0,1697918512.0,1701703579.0,1700595715.0,1699216652.0,1701132156.0,1700765025.0,1699644620.0,1700581359.0,1700852399.0,1700082206.0,1701225565.0,1701954441.0,1701877876.0
1701373679.0,1701620643.0,1701970785.0,1700439033.0,1701266834.0,1701364265.0,1698923352.0,1671198819.0,1697135706.0,1699758365.0,1701184667.0,1697918111.0,1701697012.0,1700574395.0,1699214986.0,1701132029.0,1700765028.0,1699581933.0,1700505365.0,1700830925.0,1699996915.0,1701192426.0,1701953785.0,1701877644.0
1701357309.0,1701570597.0,1701970666.0,1700305434.0,1701264136.0,1701298921.0,1698880766.0,1671108133.0,1697135604.0,1699750690.0,1701171187.0,1697681376.0,1701694965.0,1700568526.0,1699192627.0,1701131972.0,1700763293.0,1699559712.0,1700503767.0,1700772739.0,1699920359.0,1701191038.0,1701952281.0,1701877613.0
1701346228.0,1701556020.0,1701970167.0,1700221585.0,1701263311.0,1701297506.0,1698874981.0,1671034948.0,1697134486.0,1699750497.0,1701124408.0,1697568322.0,1701662640.0,1700568063.0,1699028553.0,1701131940.0,1700763275.0,1699495329.0,1700503700.0,1700753750.0,1699914364.0,1701190796.0,1701948106.0,1701874525.0
1701340172.0,1701549861.0,1701966973.0,1700164241.0,1701132370.0,1701297144.0,1698874096.0,1671030016.0,1697113491.0,1699746594.0,1701103075.0,1697567882.0,1701644990.0,1700524051.0,1699013293.0,1701131824.0,1700762688.0,1699448577.0,1700444732.0,1700728087.0,1699913958.0,1701091514.0,1701941673.0,1701869447.0
1701339784.0,1701549762.0,1701966847.0,1699640023.0,1701116532.0,1701296887.0,1698871306.0,1670929665.0,1697112494.0,1699742569.0,1701097111.0,1697567869.0,1701644840.0,1700482810.0,1698968843.0,1701122620.0,1700752334.0,1699315774.0,1700425996.0,1700687771.0,1699724150.0,1701021987.0,1701940062.0,1701863285.0
1701339732.0,1701530101.0,1701966820.0,1699627527.0,1701109587.0,1701296670.0,1698870173.0,1670929385.0,1697112378.0,1699742318.0,1701090908.0,1697210371.0,1701644088.0,1700482539.0,1698854546.0,1701122569.0,1700737197.0,1699314356.0,1700423779.0,1700687604.0,1699717055.0,1701015026.0,1701909437.0,1701862928.0
1701339716.0,1701477605.0,1701966683.0,1699626541.0,1701100951.0,1701296151.0,1698869895.0,1670928859.0,1697109209.0,1699662422.0,1701090756.0,1697156731.0,1701638489.0,1700404855.0,1698722071.0,1701121555.0,1700708074.0,1699202228.0,1700423613.0,1700681584.0,1699591699.0,1701008076.0,1701909075.0,1701861956.0
1701339661.0,1701454926.0,1701966663.0,1699626125.0,1701097741.0,1701284150.0,1698869826.0,1670928562.0,1696945834.0,1699577572.0,1701040215.0,1697153466.0,1701638184.0,1700401228.0,1698714401.0,1701117770.0,1700676989.0,1699195839.0,1700341638.0,1700668104.0,1699579017.0,1701006771.0,1701908858.0,1701858406.0
1701339626.0,1701448361.0,1701961911.0,1699625785.0,1701097266.0,1701283515.0,1698868980.0,1670928413.0,1696945646.0,1699575971.0,1701010826.0,1697152843.0,1701638173.0,1700401091.0,1698691874.0,1701116122.0,1700487574.0,1698903568.0,1700327842.0,1700667065.0,1699576248.0,1700868687.0,1701901704.0,1701858015.0
1701339613.0,1701448090.0,1701961777.0,1699623677.0,1701095811.0,1701282569.0,1698859847.0,1670925620.0,1696895341.0,1699481329.0,1701010209.0,1697152355.0,1701628834.0,1700400893.0,1698607688.0,1701114706.0,1700452077.0,1698901307.0,1700255218.0,1700581889.0,1699576178.0,1700683767.0,1701898096.0,1701837153.0
1701339599.0,1701440695.0,1701960950.0,1699618296.0,1701095724.0,1701281937.0,1698833189.0,1670920614.0,1696804502.0,1699480819.0,1701010141.0,1697151581.0,1701626428.0,1700357285.0,1698598636.0,1701114685.0,1700352105.0,1698888325.0,1700242930.0,1700579350.0,1699562006.0,1700682866.0,1701897232.0,1701836801.0
1701292928.0,1701387282.0,1701960058.0,1699618169.0,1701095472.0,1701280022.0,1698769516.0,1670920452.0,1696699953.0,1699480689.0,1700994621.0,1697135955.0,1701623407.0,1700355904.0,1698496226.0,1701114604.0,1700352037.0,1698881486.0,1700236519.0,1700563392.0,1699556027.0,1700675930.0,1701896318.0,1701824408.0
1701292903.0,1701386038.0,1701959438.0,1699464777.0,1701095261.0,1701278299.0,1698768863.0,1670894794.0,1696699745.0,1699464065.0,1700933047.0,1697135774.0,1701582128.0,1700322974.0,1698435411.0,1701114536.0,1700324971.0,1698798705.0,1700236467.0,1700423206.0,1699555858.0,1700663372.0,1701895893.0,1701821371.0
1701292522.0,1701384956.0,1701958045.0,1699464500.0,1701094488.0,1701277986.0,1698544019.0,1670894352.0,1696647336.0,1699311937.0,1700931286.0,1697128928.0,1701581369.0,1700322578.0,1698433862.0,1701114528.0,1700324279.0,1698768297.0,1700189434.0,1700421958.0,1699487693.0,1700650014.0,1701895613.0,1701818787.0
1701292501.0,1701371730.0,1701957338.0,1699457565.0,1701093983.0,1701277856.0,1698370304.0,1670883288.0,1696536574.0,1699238224.0,1700916809.0,1697122718.0,1701569444.0,1700250089.0,1698364134.0,1701114414.0,1700324089.0,1698671819.0,1700182973.0,1700401000.0,1699486769.0,1700645521.0,1701893345.0,1701818646.0
1701292103.0,1701361190.0,1701957236.0,1699452271.0,1701092727.0,1701277513.0,1698370126.0,1670875139.0,1696535588.0,1699237047.0,1700913777.0,1697053604.0,1701561169.0,1700239311.0,1698363464.0,1701113983.0,1700247343.0,1698529503.0,1700178299.0,1700391710.0,1699480272.0,1700622625.0,1701893222.0,1701807165.0
1701288499.0,1701356998.0,1701955332.0,1699452061.0,1701091491.0,1701276532.0,1698369175.0,1670874036.0,1696530663.0,1699235854.0,1700884659.0,1697053545.0,1701560473.0,1700185912.0,1698362724.0,1701113874.0,1700247275.0,1698523086.0,1700178116.0,1700345262.0,1699379789.0,1700621962.0,1701892998.0,1701807010.0
1701288458.0,1701311417.0,1701954739.0,1699451915.0,1701091332.0,1701276174.0,1698278231.0,1670873177.0,1696433887.0,1699233652.0,1700862229.0,1696930977.0,1701551307.0,1700184525.0,1698335367.0,1701113796.0,1700074231.0,1698521459.0,1700177677.0,1700341965.0,1699287691.0,1700621717.0,1701892277.0,1701806914.0
1701288418.0,1701307122.0,1701953981.0,1699443971.0,1701090602.0,1701275787.0,1698272394.0,1670866804.0,1696364073.0,1699225834.0,1700826094.0,1696930784.0,1701550708.0,1700184371.0,1698327642.0,1701112815.0,1700073103.0,1698518910.0,1700166029.0,1700323146.0,1699205324.0,1700621414.0,1701882376.0,1701806743.0
1701264816.0,1701297899.0,1701953752.0,1699442662.0,1701087743.0,1701275704.0,1698267988.0,1670852605.0,1696363615.0,1699223276.0,1700825026.0,1696899283.0,1701549990.0,1700178949.0,1698022944.0,1701112714.0,1700073052.0,1698518081.0,1700165946.0,1700322608.0,1699201286.0,1700620979.0,1701861418.0,1701806575.0
1701264755.0,1701295643.0,1701953503.0,1699409427.0,1701050721.0,1701275504.0,1698205169.0,1670794438.0,1696363446.0,1699222725.0,1700788670.0,1696890274.0,1701549854.0,1700146214.0,1697847249.0,1701112489.0,1700063114.0,1698516222.0,1700147481.0,1700321665.0,1699135943.0,1700582517.0,1701860976.0,1701805221.0
1701258606.0,1701294922.0,1701949540.0,1699408821.0,1701050597.0,1701275300.0,1698203541.0,1670791173.0,1696353969.0,1699201621.0,1700782604.0,1696660774.0,1701543840.0,1700085057.0,1697820192.0,1701112204.0,1700013447.0,1698495727.0,1700104897.0,1700312014.0,1699112489.0,1700430344.0,1701857232.0,1701804316.0
1701256943.0,1701285190.0,1701948850.0,1699407990.0,1700966209.0,1701274963.0,1698159426.0,1670710724.0,1696353838.0,1699197108.0,1700761895.0,1696660721.0,1701534340.0,1700067633.0,1697749060.0,1701112111.0,1700002651.0,1698453125.0,1700097866.0,1700272361.0,1699112442.0,1700427371.0,1701850262.0,1701804186.0
1701253390.0,1701271378.0,1701948532.0,1699391590.0,1700936603.0,1701274733.0,1698094428.0,1670710694.0,1696353770.0,1699149736.0,1700761699.0,1696629237.0,1701532126.0,1700052258.0,1697733974.0,1701112063.0,1699991487.0,1698409847.0,1700067150.0,1700253771.0,1699051730.0,1700425756.0,1701827476.0,1701803875.0
1701207201.0,1701260668.0,1701948448.0,1699386232.0,1700922152.0,1701274543.0,1698062177.0,1670542443.0,1696353623.0,1699119776.0,1700746288.0,1696629226.0,1701531413.0,1700016217.0,1697727952.0,1701112015.0,1699976138.0,1698366316.0,1699989194.0,1700233729.0,1699045742.0,1700422940.0,1701817855.0,1701803725.0
1701207170.0,1701211590.0,1701902334.0,1699285131.0,1700922028.0,1701274422.0,1698061493.0,1670513178.0,1696341071.0,1699108772.0,1700738046.0,1696549942.0,1701531225.0,1700012337.0,1697645386.0,1701111936.0,1699967750.0,1698286817.0,1699987347.0,1700233628.0,1699045163.0,1700318989.0,1701816494.0,1701803601.0
1701189881.0,1701198522.0,1701895333.0,1699213635.0,1700921915.0,1701274135.0,1698060499.0,1670453320.0,1696333070.0,1699108223.0,1700735169.0,1696461648.0,1701530825.0,1700009195.0,1697207729.0,1701110521.0,1699967456.0,1698275360.0,1699882683.0,1700218892.0,1698929229.0,1700282777.0,1701816380.0,1701803018.0
1701183599.0,1701193330.0,1701894279.0,1699035148.0,1700915327.0,1701269725.0,1698056330.0,1670452045.0,1696332737.0,1699068801.0,1700674112.0,1696461632.0,1701507748.0,1699932175.0,1697028449.0,1701110390.0,1699967299.0,1698273756.0,1699882549.0,1700129757.0,1698892313.0,1700233783.0,1701812810.0,1701802973.0
1701183082.0,1701192582.0,1701893215.0,1699028574.0,1700884364.0,1701231234.0,1697976819.0,1670451889.0,1696092539.0,1698993236.0,1700674098.0,1696308649.0,1701507570.0,1699922154.0,1696982167.0,1701110250.0,1699967121.0,1698273523.0,1699732853.0,1700057696.0,1698853285.0,1700181674.0,1701812254.0,1701802365.0
1701182706.0,1701184810.0,1701892864.0,1698857400.0,1700858725.0,1701228254.0,1697975869.0,1670451757.0,1696082511.0,1698985990.0,1700658935.0,1696075024.0,1701498490.0,1699921987.0,1696876290.0,1701110035.0,1699933760.0,1698250659.0,1699576416.0,1700044668.0,1698804678.0,1699914258.0,1701812086.0,1701802224.0
1701182208.0,1701183078.0,1701892102.0,1698766006.0,1700849641.0,1701227874.0,1697975143.0,1670437440.0,1695962070.0,1698861264.0,1700658484.0,1696049578.0,1701498392.0,1699920210.0,1696814087.0,1701109958.0,1699824919.0,1698199180.0,1699494770.0,1700039709.0,1698789079.0,1699869980.0,1701811870.0,1701802141.0
1701182145.0,1701182805.0,1701891313.0,1698755026.0,1700849566.0,1701227676.0,1697942388.0,1670435736.0,1695946425.0,1698621084.0,1700652072.0,1696034077.0,1701473319.0,1699894894.0,1696777399.0,1701109908.0,1699820172.0,1698185587.0,1699466194.0,1700036678.0,1698785531.0,1699787004.0,1701811715.0,1701801603.0
1701182089.0,1701178692.0,1701891082.0,1698712064.0,1700844016.0,1701203245.0,1697939024.0,1670435664.0,1695933406.0,1698614853.0,1700648539.0,1696032463.0,1701471402.0,1699894837.0,1696775156.0,1701109838.0,1699820087.0,1698165272.0,1699451360.0,1699980576.0,1698785416.0,1699786757.0,1701795358.0,1701800319.0
1701177722.0,1701177999.0,1701889705.0,1698574683.0,1700841249.0,1701193415.0,1697652219.0,1670363449.0,1695514961.0,1698614776.0,1700623095.0,1696032346.0,1701469347.0,1699818083.0,1696711815.0,1701109766.0,1699819299.0,1697844919.0,1699450217.0,1699976931.0,1698778554.0,1699758968.0,1701795279.0,1701798175.0
1701176939.0,1701172996.0,1701889555.0,1698365394.0,1700841083.0,1701193315.0,1697624295.0,1670355951.0,1695471918.0,1698561899.0,1700599406.0,1695957507.0,1701468967.0,1699817629.0,1696611126.0,1701109700.0,1699795347.0,1697844843.0,1699397754.0,1699974987.0,1698511754.0,1699628628.0,1701788302.0,1701797822.0
1701174637.0,1701172385.0,1701884446.0,1698180054.0,1700840803.0,1701192591.0,1697372818.0,1670355582.0,1695471784.0,1698548453.0,1700596652.0,1695933606.0,1701461115.0,1699817375.0,1696366647.0,1701109584.0,1699794400.0,1697843114.0,1699327000.0,1699971620.0,1698452478.0,1699625547.0,1701788030.0,1701796055.0
1701174615.0,1701114468.0,1701883575.0,1698176682.0,1700840517.0,1701192546.0,1697214417.0,1670350941.0,1695428709.0,1698538438.0,1700594447.0,1695932478.0,1701460423.0,1699817174.0,1696299947.0,1701104358.0,1699757701.0,1697796749.0,1699307496.0,1699953920.0,1698446943.0,1699624350.0,1701787859.0,1701795814.0
1701173401.0,1701103153.0,1701878634.0,1698174135.0,1700840344.0,1701192401.0,1697145017.0,1670350834.0,1695394817.0,1698469459.0,1700590027.0,1695931863.0,1701458652.0,1699708647.0,1696192453.0,1701104127.0,1699740612.0,1697412072.0,1699305985.0,1699791597.0,1698335859.0,1699276730.0,1701786169.0,1701793204.0
1701173240.0,1701094820.0,1701877235.0,1698171584.0,1700840261.0,1701190473.0,1697144259.0,1670336783.0,1695394656.0,1698466739.0,1700564655.0,1695929875.0,1701445486.0,1699580127.0,1696108141.0,1701103906.0,1699660212.0,1697381137.0,1699226915.0,1699656010.0,1698276245.0,1699275169.0,1701786046.0,1701792861.0
1701173187.0,1701091382.0,1701874882.0,1698170410.0,1700840173.0,1701190285.0,1697143743.0,1670333767.0,1695393470.0,1698449684.0,1700426002.0,1695928656.0,1701445005.0,1699542512.0,1696078870.0,1701103873.0,1699646189.0,1697130219.0,1699139417.0,1699653113.0,1698276119.0,1698764616.0,1701782098.0,1701790309.0
1701171954.0,1701088673.0,1701873325.0,1697848839.0,1700839441.0,1701188698.0,1697143519.0,1670332230.0,1695393426.0,1698449608.0,1700425367.0,1695928204.0,1701443320.0,1699532120.0,1695959060.0,1701103791.0,1699642602.0,1680560790.0,1699125168.0,1699649986.0,1698255868.0,1698703347.0,1701778583.0,1701790106.0
1701167677.0,1701088018.0,1701872460.0,1697848590.0,1700654191.0,1701188572.0,1697134872.0,1670326420.0,1695321774.0,1698432498.0,1700425098.0,1695923649.0,1701438069.0,1699457637.0,1695751585.0,1701103665.0,1699642573.0,1679865247.0,1698980059.0,1699569339.0,1698169839.0,1698666462.0,1701777833.0,1701790052.0
1701167549.0,1701084932.0,1701871009.0,1697624571.0,1700654072.0,1701187211.0,1696983266.0,1670326049.0,1695260591.0,1698352208.0,1700369451.0,1695923259.0,1701437309.0,1699413658.0,1695687596.0,1701103627.0,1699631545.0,1678390719.0,1698961686.0,1699568949.0,1698095445.0,1698356143.0,1701777695.0,1701746475.0
1701094247.0,1701042095.0,1701865318.0,1697557388.0,1700578494.0,1701185654.0,1696710973.0,1670325731.0,1695243016.0,1698339614.0,1700363673.0,1695840752.0,1701426439.0,1699413601.0,1695686827.0,1701103039.0,1699618343.0,1678065913.0,1698954779.0,1699560901.0,1698024121.0,1698353964.0,1701773867.0,1701745161.0
1701090920.0,1701023605.0,1701864796.0,1697492275.0,1700526102.0,1701185420.0,1696691997.0,1670294043.0,1695220013.0,1698288090.0,1700347266.0,1695835219.0,1701399808.0,1699413366.0,1695265481.0,1701102876.0,1699618051.0,1678052935.0,1698954343.0,1699541442.0,1698021338.0,1698349777.0,1701771213.0,1701745104.0
1701090570.0,1701021160.0,1701862254.0,1697481549.0,1700513148.0,1701185210.0,1696666415.0,1670291093.0,1695219830.0,1698032999.0,1700257385.0,1695835115.0,1701398717.0,1699411541.0,1695225471.0,1701102732.0,1699617853.0,1677971432.0,1698953660.0,1699539830.0,1698017512.0,1698349402.0,1701736706.0,1701744122.0
1701090481.0,1701017644.0,1701861312.0,1697479005.0,1700361742.0,1701141715.0,1696506844.0,1670271334.0,1695219762.0,1698031880.0,1700231000.0,1695676265.0,1701386337.0,1699381355.0,1695148006.0,1701100902.0,1699575825.0,1677969021.0,1698940495.0,1699539809.0,1698017440.0,1698349104.0,1701736532.0,1701744031.0
1701090427.0,1701013611.0,1701859987.0,1697478691.0,1700225735.0,1701135410.0,1696506546.0,1670270226.0,1695174890.0,1698031811.0,1700223459.0,1695661379.0,1701386097.0,1699381288.0,1695076997.0,1701100677.0,1699575783.0,1677966702.0,1698875510.0,1699533693.0,1698006201.0,1698348838.0,1701725776.0,1701743924.0
1701085952.0,1701006036.0,1701858229.0,1697474151.0,1700139113.0,1701134977.0,1695818964.0,1670270046.0,1695158275.0,1698028114.0,1700223163.0,1695661191.0,1701374552.0,1699332289.0,1695001953.0,1701100353.0,1699575774.0,1677937541.0,1698856317.0,1699480542.0,1697823532.0,1698348620.0,1701702551.0,1701739175.0
1701074533.0,1700999355.0,1701857596.0,1697203526.0,1700138939.0,1701134799.0,1695818599.0,1670269920.0,1695157782.0,1698028021.0,1700223068.0,1695651056.0,1701365974.0,1699331965.0,1694995185.0,1701100037.0,1699575705.0,1677894216.0,1698850971.0,1699480327.0,1697765505.0,1698337761.0,1701702492.0,1701737472.0
1701074384.0,1700941636.0,1701856866.0,1697062570.0,1699546272.0,1701134379.0,1695818441.0,1670269429.0,1695143430.0,1697864330.0,1700222919.0,1695651042.0,1701365888.0,1699323340.0,1694987936.0,1701099665.0,1699575655.0,1677891363.0,1698784420.0,1699480044.0,1697749024.0,1698337252.0,1701693810.0,1701733627.0
1700957876.0,1700931937.0,1701856589.0,1696972825.0,1699545871.0,1701134233.0,1695523603.0,1670243544.0,1695142726.0,1697854565.0,1700222618.0,1695650928.0,1701360847.0,1699321858.0,1694976459.0,1701099648.0,1699565950.0,1677885145.0,1698728151.0,1699472795.0,1697730317.0,1698333438.0,1701693488.0,1701730005.0
1700957854.0,1700926528.0,1701856337.0,1696884748.0,1699544593.0,1701133918.0,1695497008.0,1670236723.0,1695086317.0,1697833065.0,1700166192.0,1695641179.0,1701342590.0,1699321690.0,1694961883.0,1701096955.0,1699558425.0,1677884579.0,1698677276.0,1699472671.0,1697561434.0,1698332518.0,1701691163.0,1701729838.0
1700956863.0,1700924707.0,1701855574.0,1696673687.0,1699496761.0,1701132716.0,1695485974.0,1670170419.0,1695056444.0,1697812462.0,1700165979.0,1695641152.0,1701314398.0,1699301573.0,1694899605.0,1701096825.0,1699558357.0,1677884219.0,1698676141.0,1699469101.0,1697560258.0,1698332270.0,1701685222.0,1701729696.0
1700956618.0,1700917314.0,1701855116.0,1696664603.0,1699494780.0,1701125106.0,1695484328.0,1670169983.0,1695054379.0,1697500316.0,1700165385.0,1695641033.0,1701310134.0,1699198595.0,1694898879.0,1701096697.0,1699558041.0,1677877723.0,1698518538.0,1699461711.0,1697485078.0,1698332009.0,1701649321.0,1701727841.0
1700945338.0,1700848119.0,1701854850.0,1696643581.0,1699494573.0,1701124402.0,1695484152.0,1670169881.0,1695054287.0,1697424360.0,1700165060.0,1695637667.0,1701283203.0,1699198441.0,1694892779.0,1701096608.0,1699393499.0,1677814434.0,1698510345.0,1699461229.0,1697301140.0,1698331145.0,1701604561.0,1701726468.0
1700935863.0,1700846175.0,1701852801.0,1696640920.0,1699487827.0,1701123532.0,1695483922.0,1670169143.0,1694828744.0,1697408733.0,1700161647.0,1695599503.0,1701282349.0,1699198188.0,1694826841.0,1701096542.0,1699361637.0,1677797122.0,1698467602.0,1699456292.0,1697246849.0,1698323526.0,1701598468.0,1701726310.0
1700933396.0,1700838379.0,1701852711.0,1696640574.0,1699487728.0,1701123286.0,1695483647.0,1670169013.0,1694554071.0,1697382419.0,1700160508.0,1695599268.0,1701282299.0,1699192858.0,1694778552.0,1701096468.0,1699324628.0,1677793480.0,1698439356.0,1699443031.0,1697243991.0,1698280263.0,1701598388.0,1701725960.0
1700914431.0,1700834293.0,1701852413.0,1696638973.0,1699487575.0,1701122861.0,1695480402.0,1670168809.0,1694238477.0,1697255451.0,1700159226.0,1695561795.0,1701280483.0,1698894864.0,1694750171.0,1701095772.0,1699319322.0,1677714082.0,1698349573.0,1699442106.0,1697242183.0,1698270210.0,1701598250.0,1701718978.0
1700870221.0,1700747475.0,1701852306.0,1696619406.0,1699446657.0,1701114226.0,1695478166.0,1670168725.0,1693844717.0,1697253881.0,1700156141.0,1695460345.0,1701278978.0,1698838850.0,1694726864.0,1701095654.0,1699307377.0,1677711389.0,1698266435.0,1699438406.0,1697239206.0,1698241263.0,1701597496.0,1701717135.0
1700855937.0,1700739061.0,1701851904.0,1696588197.0,1699408129.0,1701113962.0,1695476782.0,1670168541.0,1693629066.0,1697243444.0,1700138415.0,1695440649.0,1701278188.0,1698838664.0,1694726266.0,1701095591.0,1699307225.0,1677635439.0,1698265806.0,1699360004.0,1697238337.0,1698146302.0,1701597346.0,1701713217.0
1700849451.0,1700738400.0,1701832875.0,1696585443.0,1699398108.0,1701113564.0,1695384357.0,1670165570.0,1693623704.0,1697230956.0,1700133031.0,1695440210.0,1701276225.0,1698814513.0,1694708859.0,1701095291.0,1699300333.0,1677627907.0,1698265676.0,1699359507.0,1697225997.0,1698114572.0,1701563374.0,1701703391.0
1700849248.0,1700737294.0,1701832849.0,1696542170.0,1699395493.0,1701111439.0,1695380411.0,1670108860.0,1693622939.0,1697228483.0,1700131587.0,1695440071.0,1701270167.0,1698796189.0,1694708469.0,1700494839.0,1699300115.0,1677625385.0,1698182412.0,1699301789.0,1697157240.0,1698113879.0,1701563223.0,1701703347.0
1700848880.0,1700684667.0,1701832772.0,1696540711.0,1699391898.0,1701110386.0,1695380233.0,1670076291.0,1693560103.0,1697205812.0,1700128803.0,1695431934.0,1701263920.0,1698793006.0,1694656218.0,1700494738.0,1699299740.0,1677548732.0,1698181110.0,1699301102.0,1697153962.0,1698112184.0,1701562658.0,1701700810.0
1700831765.0,1700670659.0,1701829528.0,1696540581.0,1699391633.0,1701109290.0,1695363474.0,1670075883.0,1693535743.0,1697159192.0,1700128606.0,1695431875.0,1701257825.0,1698792174.0,1694641259.0,1700494667.0,1699299306.0,1677547132.0,1698106557.0,1699263460.0,1697064487.0,1698057573.0,1701560707.0,1701700331.0
1700826828.0,1700668668.0,1701820994.0,1696538854.0,1699364203.0,1701106723.0,1695336302.0,1669980178.0,1693490640.0,1696971225.0,1700076589.0,1695426621.0,1701232697.0,1698782431.0,1694608296.0,1700494265.0,1698985945.0,1677377374.0,1698105943.0,1699261543.0,1697054347.0,1697849198.0,1701560517.0,1701700198.0
1700826594.0,1700604129.0,1701819526.0,1696514770.0,1699363394.0,1701106516.0,1695335568.0,1669949677.0,1693364981.0,1696953906.0,1700075031.0,1695424862.0,1701232140.0,1698754107.0,1694521464.0,1700444373.0,1698949353.0,1677377173.0,1698006690.0,1699220092.0,1697041737.0,1697817374.0,1701546099.0,1701699999.0
1700823765.0,1700597449.0,1701815859.0,1696509600.0,1699362562.0,1701103844.0,1695328930.0,1669916848.0,1693347045.0,1696887729.0,1700075021.0,1695424828.0,1701207918.0,1698724195.0,1694521321.0,1700443215.0,1698946170.0,1676600412.0,1697852249.0,1699219868.0,1696990834.0,1697729119.0,1701531980.0,1701699503.0
1700764243.0,1700587527.0,1701814776.0,1696360002.0,1699205369.0,1701103676.0,1695208391.0,1669859194.0,1693344574.0,1696797793.0,1700073788.0,1695371449.0,1701206674.0,1698687628.0,1694484566.0,1700443083.0,1698946003.0,1676600202.0,1697731342.0,1699189721.0,1696958765.0,1697728647.0,1701530867.0,1701696847.0
1700758337.0,1700587220.0,1701814739.0,1696334509.0,1699057196.0,1701103568.0,1695126172.0,1669831746.0,1693323769.0,1696790238.0,1700056047.0,1695370045.0,1701206181.0,1698681918.0,1694468525.0,1700442842.0,1698940636.0,1676393302.0,1697645612.0,1699189655.0,1696879817.0,1697728175.0,1701530371.0,1701696617.0
1700747904.0,1700587045.0,1701814637.0,1696262124.0,1699035272.0,1701103306.0,1695072273.0,1669830705.0,1693035799.0,1696777083.0,1700053310.0,1695369913.0,1701205925.0,1698681767.0,1694389597.0,1700442784.0,1698891069.0,1676312535.0,1697643763.0,1699188119.0,1696811821.0,1696945973.0,1701529904.0,1701696349.0
1700737078.0,1700582043.0,1701814380.0,1696247495.0,1699013421.0,1701101669.0,1695043178.0,1669825405.0,1693034685.0,1696775123.0,1700051131.0,1695266974.0,1701198978.0,1698681414.0,1694282715.0,1700442754.0,1698869409.0,1676162760.0,1697578794.0,1699145925.0,1696801981.0,1695901355.0,1701528938.0,1701695640.0
1700736900.0,1700574645.0,1701814344.0,1696034058.0,1698929642.0,1701101281.0,1694978210.0,1669823632.0,1692988910.0,1696733850.0,1699991022.0,1695266138.0,1701133190.0,1698680960.0,1694204866.0,1700427325.0,1698818245.0,1676139242.0,1697578618.0,1698964012.0,1696729048.0,1695900348.0,1701528089.0,1701551928.0
1700736688.0,1700573381.0,1701813999.0,1695942276.0,1698894287.0,1701101130.0,1694919734.0,1669821903.0,1692942523.0,1696540758.0,1699990953.0,1695265981.0,1701123578.0,1698680659.0,1693858794.0,1699632708.0,1698816642.0,1675215329.0,1697571748.0,1698936144.0,1696717197.0,1695899849.0,1701527041.0,1701496048.0
1700736543.0,1700563242.0,1701813865.0,1695931048.0,1698880702.0,1701067668.0,1694867053.0,1669798642.0,1692735964.0,1696526440.0,1699989037.0,1695265953.0,1701047761.0,1698680092.0,1693855535.0,1699632646.0,1698816381.0,1674842374.0,1697571256.0,1698928290.0,1696716350.0,1694905744.0,1701482195.0,1701491134.0
1700736308.0,1700551978.0,1701813579.0,1695927112.0,1698839672.0,1701056927.0,1694709580.0,1669732464.0,1692499360.0,1696456877.0,1699985363.0,1695251232.0,1701038593.0,1698679255.0,1693775062.0,1699632508.0,1698816326.0,1674659082.0,1697569198.0,1698864232.0,1696647823.0,1694905337.0,1701478830.0,1701480577.0
1700735400.0,1700551757.0,1701813540.0,1695407656.0,1698809262.0,1701048211.0,1694699613.0,1669732347.0,1691635567.0,1696383015.0,1699984020.0,1695248189.0,1701038339.0,1698672409.0,1693673115.0,1699623321.0,1698816280.0,1674647295.0,1697493256.0,1698854305.0,1696613515.0,1694570656.0,1701478446.0,1701480199.0
1700650124.0,1700501138.0,1701813503.0,1695329830.0,1698809187.0,1701043465.0,1694699525.0,1669717633.0,1691372407.0,1696382020.0,1699983017.0,1695209045.0,1701036200.0,1698672071.0,1693672161.0,1699622492.0,1698816161.0,1674262536.0,1697492788.0,1698852175.0,1696525229.0,1694543824.0,1701475848.0,1701480065.0
1700650043.0,1700469724.0,1701813434.0,1695329686.0,1698807196.0,1701043409.0,1694699299.0,1669717397.0,1691091514.0,1696297651.0,1699962123.0,1695209029.0,1701035588.0,1698671953.0,1693523844.0,1699619486.0,1698793080.0,1674175137.0,1697413537.0,1698837450.0,1696464859.0,1694529763.0,1701475783.0,1701467615.0
1700649814.0,1700466269.0,1701807599.0,1695168687.0,1698805538.0,1700956964.0,1694695901.0,1669684754.0,1690769323.0,1696212589.0,1699961141.0,1695182858.0,1700963568.0,1698667523.0,1693500130.0,1699578795.0,1698791273.0,1668873177.0,1697413117.0,1698831687.0,1696456543.0,1694525467.0,1701475701.0,1701466532.0
1700644180.0,1700466207.0,1701807454.0,1695155630.0,1698805398.0,1700955901.0,1694613729.0,1669681308.0,1690398770.0,1696212345.0,1699912808.0,1695175427.0,1700949086.0,1698667395.0,1693448100.0,1699575214.0,1698791127.0,1668485255.0,1697400366.0,1698796194.0,1696456522.0,1691185767.0,1701468800.0,1701465307.0
1700643783.0,1700410166.0,1701807199.0,1695124872.0,1698727772.0,1700944383.0,1694604807.0,1669680283.0,1690057692.0,1696132389.0,1699880181.0,1695169389.0,1700930785.0,1698641879.0,1693447948.0,1699575150.0,1698791078.0,1668481340.0,1697386766.0,1698787939.0,1696285019.0,1689189858.0,1701467141.0,1701463547.0
1700643697.0,1700409468.0,1701806674.0,1695123929.0,1698549111.0,1700943437.0,1694604209.0,1669660500.0,1690057349.0,1696038210.0,1699880076.0,1695169330.0,1700929194.0,1698638135.0,1693444468.0,1699557227.0,1698791004.0,1668170150.0,1697386631.0,1698787571.0,1696031762.0,1689175210.0,1701466866.0,1701462711.0
1700600970.0,1700399801.0,1701806157.0,1695043560.0,1698519449.0,1700942965.0,1694542368.0,1669653183.0,1690040333.0,1695743477.0,1699850426.0,1695091225.0,1700885705.0,1698637295.0,1693409754.0,1699545778.0,1698790904.0,1668168672.0,1697386548.0,1698783237.0,1696031581.0,1688225383.0,1701465614.0,1701460715.0
1700600734.0,1700398207.0,1701806118.0,1694987724.0,1698498478.0,1700922566.0,1694527849.0,1669649034.0,1689990768.0,1695283312.0,1699845164.0,1695091182.0,1700885527.0,1698636999.0,1693409488.0,1699540280.0,1698789664.0,1668130005.0,1697336697.0,1698746524.0,1695943885.0,1688224953.0,1701464762.0,1701460629.0
1700572976.0,1700396466.0,1701804734.0,1694986020.0,1698498241.0,1700922154.0,1694484715.0,1669648886.0,1689946590.0,1695263596.0,1699833056.0,1695083241.0,1700867685.0,1698636910.0,1693409190.0,1699540139.0,1698789609.0,1668129745.0,1697324101.0,1698708712.0,1695943822.0,1688224271.0,1701464368.0,1701455871.0
1700572250.0,1700374473.0,1701803385.0,1694977479.0,1698457350.0,1700912484.0,1694455769.0,1669644851.0,1689946077.0,1695263559.0,1699831291.0,1695067958.0,1700864685.0,1698636674.0,1693408420.0,1699540046.0,1698789511.0,1668118425.0,1697209435.0,1698708450.0,1695847705.0,1688157300.0,1701464214.0,1701452938.0
1700569167.0,1700329125.0,1701802854.0,1694974493.0,1698412947.0,1700912251.0,1694448417.0,1669644220.0,1689945895.0,1695260967.0,1699831009.0,1695065531.0,1700862723.0,1698636163.0,1693353713.0,1699539982.0,1698789500.0,1668099549.0,1697169319.0,1698686672.0,1695838073.0,1688155246.0,1701462983.0,1701372034.0
1700569138.0,1700317568.0,1701799960.0,1694967023.0,1698332400.0,1700911983.0,1694448123.0,1669644021.0,1689820861.0,1694912403.0,1699821030.0,1695065446.0,1700862370.0,1698634440.0,1693343678.0,1699538937.0,1698612265.0,1667862299.0,1696968680.0,1698686456.0,1695837816.0,1688142983.0,1701457673.0,1701361507.0
1700532034.0,1700316234.0,1701798422.0,1694966788.0,1698268025.0,1700860484.0,1694445600.0,1669423253.0,1689690733.0,1694910761.0,1699818319.0,1695006266.0,1700831346.0,1698634323.0,1693310323.0,1699538794.0,1698608497.0,1667861747.0,1696968411.0,1698684473.0,1695777019.0,1688141612.0,1701447541.0,1701345416.0
1700531789.0,1700314110.0,1701798290.0,1694914926.0,1698202838.0,1700844134.0,1694279306.0,1669392467.0,1689690669.0,1694910654.0,1699817097.0,1695006209.0,1700831102.0,1698634090.0,1693268692.0,1699538745.0,1698608440.0,1667774123.0,1696951634.0,1698683519.0,1695729123.0,1688076922.0,1701442564.0,1701345138.0
1700531712.0,1700306171.0,1701790848.0,1694913903.0,1697901296.0,1700843986.0,1694092114.0,1669322094.0,1689613656.0,1694859969.0,1699815536.0,1694994624.0,1700831005.0,1698633541.0,1693261812.0,1699474164.0,1698608358.0,1667767277.0,1696789055.0,1698533996.0,1695677653.0,1688076813.0,1701442481.0,1701344787.0
1700518252.0,1700285405.0,1701786423.0,1694911565.0,1697854045.0,1700842687.0,1694091356.0,1669316647.0,1689583798.0,1694826049.0,1699815176.0,1694994565.0,1700830636.0,1698631481.0,1693255113.0,1699459653.0,1698540293.0,1667686738.0,1696733560.0,1698504088.0,1695607525.0,1688076592.0,1701441756.0,1701344489.0
1700518201.0,1700285393.0,1701786154.0,1694865205.0,1697806359.0,1700842550.0,1694091276.0,1669248855.0,1689582387.0,1694706003.0,1699808414.0,1694940505.0,1700830603.0,1698631112.0,1693177672.0,1699459121.0,1698533521.0,1667669610.0,1696725299.0,1698492031.0,1695607174.0,1688075737.0,1701441676.0,1701310921.0
1700518126.0,1700285159.0,1701785854.0,1694703990.0,1697751896.0,1700842274.0,1694090794.0,1669247569.0,1689582248.0,1694645700.0,1699799829.0,1694844182.0,1700797936.0,1698628372.0,1693172509.0,1699458803.0,1698533467.0,1667667843.0,1696711973.0,1698422654.0,1695510888.0,1688075659.0,1701441126.0,1701274246.0
1700518092.0,1700285142.0,1701783024.0,1694624435.0,1697741326.0,1700841902.0,1694090346.0,1669245536.0,1689581743.0,1694628418.0,1699799696.0,1694825751.0,1700776329.0,1698625669.0,1693104233.0,1699458710.0,1698533397.0,1667654893.0,1696706915.0,1698422121.0,1695488153.0,1688075416.0,1701440519.0,1701263957.0
1700505557.0,1700280278.0,1701781177.0,1694623197.0,1697734860.0,1700805126.0,1694090264.0,1669242472.0,1689580728.0,1694628309.0,1699799110.0,1694825734.0,1700775145.0,1698624175.0,1692823663.0,1699195949.0,1698520913.0,1667649150.0,1696706849.0,1698422004.0,1695468637.0,1688053455.0,1701440159.0,1701258274.0
1700497733.0,1700234779.0,1701780601.0,1694613562.0,1697734372.0,1700768473.0,1694089639.0,1669242043.0,1689579523.0,1694546828.0,1699795598.0,1694824499.0,1700774872.0,1698623029.0,1692808704.0,1699159200.0,1698520886.0,1667645479.0,1696697386.0,1698414653.0,1695338730.0,1687886660.0,1701440011.0,1701224779.0
1700491212.0,1700232401.0,1701780229.0,1694608661.0,1697719791.0,1700761279.0,1694089287.0,1669240605.0,1689579398.0,1694546759.0,1699794861.0,1694769507.0,1700763431.0,1698622773.0,1692666984.0,1699158975.0,1698518448.0,1667644973.0,1696651208.0,1698364679.0,1695313523.0,1687883975.0,1701439810.0,1701222925.0
1700489018.0,1700224930.0,1701780126.0,1694608512.0,1697560929.0,1700759303.0,1694088176.0,1669238971.0,1689578706.0,1694480853.0,1699794732.0,1694757490.0,1700763252.0,1698622217.0,1692666957.0,1699158956.0,1698517873.0,1667644702.0,1696616425.0,1698361220.0,1695183351.0,1687882528.0,1701434694.0,1701222375.0
1700488772.0,1700217545.0,1701779958.0,1694271282.0,1697558025.0,1700676488.0,1694052269.0,1669238830.0,1689578518.0,1694456639.0,1699793280.0,1694755405.0,1700755010.0,1698621916.0,1692654190.0,1699158806.0,1698517731.0,1667644270.0,1696607200.0,1698360276.0,1695166685.0,1687882019.0,1701433585.0,1701220078.0
1700487656.0,1700210452.0,1701779918.0,1694201925.0,1697557202.0,1700628081.0,1694051314.0,1669238536.0,1689577556.0,1694449264.0,1699793064.0,1694755321.0,1700754753.0,1698620701.0,1692648346.0,1699143343.0,1698465370.0,1667597477.0,1696607046.0,1698326162.0,1695147924.0,1687624432.0,1701430214.0,1701219400.0
1700487596.0,1700205854.0,1701779861.0,1694138351.0,1697556994.0,1700627978.0,1694051269.0,1669238203.0,1689577345.0,1694448421.0,1699792937.0,1694738685.0,1700737764.0,1698620459.0,1692399518.0,1699141800.0,1698444253.0,1667589404.0,1696548816.0,1698237262.0,1695141820.0,1687616578.0,1701427079.0,1701186706.0
1700486268.0,1700191558.0,1701779779.0,1694132309.0,1697556458.0,1700590482.0,1694040492.0,1669213944.0,1689576869.0,1694403174.0,1699792623.0,1694732482.0,1700737271.0,1698614420.0,1692399135.0,1699141454.0,1698442506.0,1667567541.0,1696546829.0,1698138515.0,1695092448.0,1687537874.0,1701425209.0,1701063038.0
1700486239.0,1700185990.0,1701779384.0,1694131888.0,1697555826.0,1700589055.0,1694022728.0,1669205428.0,1689576730.0,1694403097.0,1699789254.0,1694724429.0,1700705261.0,1698595462.0,1692318770.0,1699141235.0,1698442443.0,1667566362.0,1696546713.0,1698065511.0,1694824308.0,1687521792.0,1701421149.0,1701061438.0
1700486211.0,1700182048.0,1701776887.0,1694131047.0,1697550255.0,1700587269.0,1694007908.0,1669199409.0,1689575788.0,1694403070.0,1699788142.0,1694724337.0,1700702087.0,1698588510.0,1691875655.0,1699141038.0,1698442386.0,1667565995.0,1696528773.0,1698057668.0,1694811863.0,1687490328.0,1701378367.0,1701060501.0
1700473510.0,1700143756.0,1701776844.0,1694130938.0,1697550248.0,1700586724.0,1694007144.0,1669196195.0,1689544505.0,1694387790.0,1699787678.0,1694673117.0,1700701929.0,1698586084.0,1691858523.0,1699140784.0,1698382464.0,1667565004.0,1696512299.0,1698056864.0,1694715118.0,1687490133.0,1701378331.0,1701060165.0
1700471640.0,1700143170.0,1701776756.0,1694130816.0,1697550151.0,1700586461.0,1694006885.0,1669164850.0,1689521960.0,1694218679.0,1699787248.0,1694641617.0,1700701324.0,1698537280.0,1691857625.0,1699140465.0,1698355907.0,1667527646.0,1696438993.0,1698056564.0,1694695862.0,1687485124.0,1701377604.0,1701059118.0
1700471097.0,1700135713.0,1701776673.0,1694118029.0,1697490479.0,1700577768.0,1694006491.0,1669162436.0,1689467981.0,1694139748.0,1697515004.0,1694640974.0,1700701261.0,1698527687.0,1691847925.0,1699140210.0,1698350643.0,1667527552.0,1696355533.0,1698008355.0,1694603164.0,1687451571.0,1701368267.0,1701059010.0
1700471007.0,1700130556.0,1701776499.0,1694093213.0,1697383567.0,1700575875.0,1694006105.0,1669161365.0,1689448751.0,1694139739.0,1697452785.0,1694640765.0,1700700917.0,1698504704.0,1691784336.0,1699124250.0,1698339291.0,1667526871.0,1696260194.0,1697970969.0,1694566924.0,1687433126.0,1701368119.0,1700908241.0
1700470947.0,1700130358.0,1701776400.0,1693862595.0,1697383381.0,1700531827.0,1694005738.0,1669159636.0,1689346152.0,1693962658.0,1697381775.0,1694637245.0,1700693623.0,1698504417.0,1691203728.0,1699121398.0,1698338972.0,1667524578.0,1696217473.0,1697889183.0,1694482949.0,1687363036.0,1701363150.0,1700908041.0
1700470913.0,1700126292.0,1701755405.0,1693683326.0,1697195690.0,1700531620.0,1694005359.0,1669159430.0,1686183969.0,1693534196.0,1697376162.0,1694634752.0,1700664694.0,1698502966.0,1691114483.0,1699121221.0,1698293886.0,1667524492.0,1696213466.0,1697881692.0,1694482788.0,1687315885.0,1701362830.0,1700867977.0
1700470823.0,1700114611.0,1701755083.0,1693655341.0,1697132873.0,1700530796.0,1694004164.0,1669125558.0,1685543102.0,1693532391.0,1697374557.0,1694632193.0,1700653725.0,1698459216.0,1691107910.0,1699120938.0,1698293802.0,1667524026.0,1696188098.0,1697654911.0,1694455333.0,1687315335.0,1701352111.0,1700861241.0
1700437593.0,1700108591.0,1701754578.0,1693395673.0,1697125992.0,1700530499.0,1693996278.0,1669048812.0,1685542821.0,1693532206.0,1697371251.0,1694584608.0,1700617329.0,1698459116.0,1691014877.0,1699120812.0,1698168401.0,1667522150.0,1695933799.0,1697642902.0,1694376836.0,1687290371.0,1701350858.0,1700855837.0
1700437399.0,1700041080.0,1701754416.0,1693395397.0,1697115185.0,1700529417.0,1693995945.0,1669048740.0,1685537602.0,1693452685.0,1697371243.0,1694583928.0,1700617028.0,1698457034.0,1690978259.0,1699119377.0,1698167842.0,1667521535.0,1695927622.0,1697622707.0,1694276685.0,1687269785.0,1701350533.0,1700855226.0
1700437223.0,1700035598.0,1701754078.0,1693395225.0,1697065688.0,1700513823.0,1693994474.0,1669042289.0,1685417994.0,1693452564.0,1697370343.0,1694558611.0,1700596898.0,1698436117.0,1690897192.0,1699115289.0,1698117372.0,1667519730.0,1695764104.0,1697610093.0,1694194568.0,1686924414.0,1701346975.0,1700854368.0
1700437071.0,1700022206.0,1701746141.0,1692902487.0,1697054603.0,1700511916.0,1693937696.0,1668990529.0,1684864848.0,1693443513.0,1697370134.0,1694558294.0,1700596189.0,1698433246.0,1690852106.0,1699114866.0,1698111869.0,1667519437.0,1695763889.0,1697607230.0,1694027329.0,1686874255.0,1701346568.0,1700790581.0
1700436870.0,1700016322.0,1701744227.0,1692844186.0,1697021608.0,1700511480.0,1693596397.0,1668990328.0,1684863098.0,1693426363.0,1697283573.0,1694558229.0,1700580518.0,1698432487.0,1690840850.0,1699114492.0,1698111232.0,1667516385.0,1695763668.0,1697572844.0,1694027031.0,1686611082.0,1701345676.0,1700767897.0
1700363170.0,1700016178.0,1701730609.0,1692835481.0,1696957271.0,1700510974.0,1693594581.0,1668982199.0,1684853729.0,1693424947.0,1697280595.0,1694548844.0,1700534755.0,1698403752.0,1690761464.0,1699114423.0,1698111074.0,1667510225.0,1695761110.0,1697572783.0,1694020769.0,1686603556.0,1701344539.0,1700716935.0
1700362893.0,1700016082.0,1701722702.0,1692807987.0,1696955028.0,1700510838.0,1693594385.0,1668981994.0,1684850503.0,1693408976.0,1697280556.0,1694548585.0,1700524529.0,1698374596.0,1690751722.0,1699113971.0,1698110777.0,1667498508.0,1695725078.0,1697557184.0,1694017135.0,1686569626.0,1701339344.0,1700670211.0
1700358733.0,1700010889.0,1701722579.0,1692753973.0,1696952445.0,1700510507.0,1693578279.0,1668980221.0,1684453323.0,1693357356.0,1697280388.0,1694455442.0,1700513414.0,1698284373.0,1690747322.0,1699113868.0,1698091114.0,1667494464.0,1695693696.0,1697550450.0,1693961826.0,1686177435.0,1701334672.0,1700670066.0
1700349348.0,1700003536.0,1701721490.0,1692738116.0,1696952403.0,1700510033.0,1693578097.0,1668977197.0,1684341422.0,1693356455.0,1697239994.0,1694454968.0,1700511882.0,1698282044.0,1690601091.0,1699113656.0,1698091023.0,1667493610.0,1695612596.0,1697529615.0,1693933835.0,1686158385.0,1701334554.0,1700629131.0
1700262206.0,1699961070.0,1701721208.0,1692670232.0,1696948763.0,1700509605.0,1693576311.0,1668975877.0,1684341186.0,1693279948.0,1697232753.0,1694180290.0,1700496747.0,1698278832.0,1690510174.0,1699113593.0,1697923316.0,1667491440.0,1695521894.0,1697472101.0,1693882811.0,1686149757.0,1701334513.0,1700619126.0
1700257333.0,1699960870.0,1701720722.0,1692612579.0,1696947847.0,1700509423.0,1693574904.0,1668971029.0,1684340578.0,1693279524.0,1697223307.0,1694172362.0,1700482825.0,1698278526.0,1690421425.0,1699113182.0,1697865336.0,1667490114.0,1695398947.0,1697392451.0,1693882253.0,1686149695.0,1701333928.0,1700615214.0
1700231129.0,1699929160.0,1701719812.0,1692526339.0,1696946992.0,1700509121.0,1693572971.0,1668967397.0,1684185543.0,1693279273.0,1697220133.0,1694093195.0,1700480864.0,1698278444.0,1690389433.0,1699113109.0,1697686344.0,1667489777.0,1695349463.0,1697366189.0,1693876491.0,1686149519.0,1701297416.0,1700602633.0
1700219406.0,1699924920.0,1701719670.0,1692487189.0,1696946825.0,1700508588.0,1693569413.0,1668967301.0,1684185394.0,1693222411.0,1697220109.0,1694090089.0,1700448867.0,1698278398.0,1690383634.0,1699112916.0,1697662070.0,1667485597.0,1695349301.0,1697307460.0,1693672284.0,1686092517.0,1701297193.0,1700593230.0
1700219288.0,1699878943.0,1701719536.0,1692405867.0,1696946695.0,1700508377.0,1693569157.0,1668967012.0,1684102120.0,1693186110.0,1697201730.0,1693955998.0,1700446026.0,1698278141.0,1690319686.0,1699112614.0,1697646476.0,1667425985.0,1695253462.0,1697276592.0,1693665698.0,1686092182.0,1701296775.0,1700545938.0
1700218825.0,1699878362.0,1701719518.0,1692404869.0,1696944427.0,1700507865.0,1693567802.0,1668966785.0,1683970024.0,1693023851.0,1697201456.0,1693955764.0,1700445588.0,1698277953.0,1690292581.0,1699112198.0,1697605182.0,1667425566.0,1695252367.0,1697269268.0,1693602475.0,1686078137.0,1701295232.0,1700542197.0
1700218730.0,1699861231.0,1701719424.0,1692363130.0,1696944375.0,1700507562.0,1693566167.0,1668962390.0,1683956715.0,1693023732.0,1697198232.0,1693863769.0,1700445443.0,1698277785.0,1689779019.0,1699112070.0,1697604974.0,1667425481.0,1695238431.0,1697229131.0,1693513116.0,1685964815.0,1701295184.0,1700541282.0
1700218520.0,1699790716.0,1701715428.0,1692361106.0,1696943240.0,1700507305.0,1693565843.0,1668961923.0,1683956399.0,1693023637.0,1697198159.0,1693854107.0,1700443840.0,1698243721.0,1689539590.0,1699111996.0,1697597094.0,1667418727.0,1695236170.0,1697132770.0,1693503319.0,1685723668.0,1701294789.0,1700538368.0
1700218373.0,1699789877.0,1701705420.0,1692057156.0,1696794470.0,1700504711.0,1693565715.0,1668960464.0,1683750165.0,1692989482.0,1697197423.0,1693848851.0,1700438870.0,1698230499.0,1689519934.0,1699111732.0,1697594482.0,1667417841.0,1695169671.0,1697132652.0,1693438232.0,1685479460.0,1701289611.0,1700537562.0
1700128256.0,1699755052.0,1701704860.0,1692033350.0,1696520340.0,1700503665.0,1693564944.0,1668949896.0,1683733988.0,1692989012.0,1697197131.0,1693847313.0,1700438792.0,1698200080.0,1689454317.0,1699111314.0,1697518447.0,1667411289.0,1695163471.0,1697123219.0,1693314739.0,1685475020.0,1701289445.0,1700537052.0
1699959737.0,1699741446.0,1701704684.0,1692033183.0,1696516982.0,1700501674.0,1693511399.0,1668905188.0,1683693408.0,1692959782.0,1697196927.0,1693845023.0,1700438423.0,1698111507.0,1689387406.0,1699111238.0,1697489616.0,1667407708.0,1695142572.0,1697119905.0,1693261307.0,1685471710.0,1701284434.0,1700536997.0
1699959498.0,1699741037.0,1701704510.0,1692033034.0,1696514934.0,1700500589.0,1693491408.0,1668869554.0,1683693194.0,1692935825.0,1697194164.0,1693843541.0,1700437803.0,1698082833.0,1689383008.0,1699111114.0,1697482701.0,1667403315.0,1695072940.0,1697119689.0,1693260993.0,1685467227.0,1701281283.0,1700535938.0
1699958983.0,1699740118.0,1701704082.0,1692032010.0,1696513773.0,1700456102.0,1693330254.0,1668858956.0,1683692102.0,1692930617.0,1697193725.0,1693843459.0,1700414789.0,1698082772.0,1689364556.0,1699111068.0,1697478388.0,1667396567.0,1695072817.0,1697119405.0,1693249338.0,1685460148.0,1701280921.0,1700535288.0
1699958875.0,1699681003.0,1701704011.0,1691977278.0,1696513697.0,1700454732.0,1693319032.0,1668856351.0,1683576224.0,1692929527.0,1697168158.0,1693276439.0,1700407923.0,1698066232.0,1689289754.0,1699110959.0,1697478310.0,1667348737.0,1694985900.0,1697106641.0,1693185206.0,1685299382.0,1701278297.0,1700535197.0
1699958640.0,1699670080.0,1701702374.0,1691833940.0,1696443698.0,1700454513.0,1693317872.0,1668824146.0,1683436008.0,1692925783.0,1697167630.0,1693270449.0,1700407873.0,1698000672.0,1689285442.0,1699110895.0,1697432297.0,1667344549.0,1694893121.0,1697106461.0,1693068325.0,1685298154.0,1701273628.0,1700534935.0
1699889996.0,1699650537.0,1701702208.0,1691623196.0,1696361817.0,1700454081.0,1693304818.0,1668820169.0,1683435599.0,1692925644.0,1697167239.0,1693269967.0,1700407526.0,1697979452.0,1689282418.0,1699110810.0,1697425859.0,1667342400.0,1694893040.0,1697066095.0,1693064059.0,1685236784.0,1701272075.0,1700534721.0
1699873475.0,1699649301.0,1701702025.0,1691622654.0,1696360627.0,1700438531.0,1693278215.0,1668817623.0,1683435403.0,1692850521.0,1697166950.0,1693269488.0,1700407075.0,1697979253.0,1689221041.0,1699110499.0,1697206734.0,1667341114.0,1694801310.0,1697050984.0,1693018056.0,1685124979.0,1701269480.0,1700534681.0
1699873304.0,1699644745.0,1701701881.0,1691621991.0,1696358956.0,1700431339.0,1693269103.0,1668815863.0,1683435223.0,1692850047.0,1697139363.0,1693269263.0,1700406255.0,1697979135.0,1689193491.0,1699110002.0,1697072850.0,1667336069.0,1694791914.0,1697041421.0,1693016417.0,1685052295.0,1701269221.0,1700534503.0
1699871805.0,1699644356.0,1701701764.0,1691543243.0,1696037208.0,1700429920.0,1693254427.0,1668802306.0,1683340799.0,1692849938.0,1697139289.0,1693269080.0,1700400035.0,1697941357.0,1689171951.0,1699109832.0,1697071191.0,1667328132.0,1694791702.0,1697035896.0,1692994264.0,1684951622.0,1701262915.0,1700533840.0
1699865065.0,1699536469.0,1701701542.0,1691528509.0,1696036544.0,1700353966.0,1693254329.0,1668802075.0,1683340496.0,1692834587.0,1697139006.0,1693268223.0,1700399826.0,1697941108.0,1689168814.0,1699108734.0,1697071085.0,1667307501.0,1694738576.0,1697027834.0,1692931571.0,1684849856.0,1701260901.0,1700533509.0
1699833715.0,1699535250.0,1701701046.0,1691452067.0,1696014071.0,1700290689.0,1693052677.0,1668793039.0,1683339176.0,1692785782.0,1697120250.0,1693247920.0,1700368589.0,1697941075.0,1689168393.0,1699108552.0,1697038270.0,1667305189.0,1694718658.0,1696986616.0,1692929906.0,1684767014.0,1701260248.0,1700532757.0
1699699454.0,1699498582.0,1701700332.0,1691423191.0,1696013845.0,1700290382.0,1692976870.0,1668792222.0,1683338810.0,1692785523.0,1697120176.0,1693179175.0,1700366775.0,1697940215.0,1689098016.0,1699108308.0,1697034218.0,1667304737.0,1694717352.0,1696972564.0,1692922741.0,1684512696.0,1701258337.0,1700532528.0
1699655137.0,1699490220.0,1701700291.0,1691247762.0,1696009853.0,1700251477.0,1692905163.0,1668787616.0,1683297611.0,1692762467.0,1697120167.0,1693172449.0,1700362644.0,1697940155.0,1689037769.0,1699051636.0,1697034142.0,1667304652.0,1694699927.0,1696967455.0,1692921500.0,1684439588.0,1701258155.0,1700532435.0
1699624425.0,1699483654.0,1701699357.0,1691150087.0,1696004990.0,1700247182.0,1692890837.0,1668784062.0,1683172228.0,1692670089.0,1697117351.0,1693165057.0,1700351534.0,1697940049.0,1689026063.0,1699051535.0,1697034096.0,1667249089.0,1694557835.0,1696945608.0,1692918359.0,1684409564.0,1701258045.0,1700532156.0
1699617551.0,1699482318.0,1701697303.0,1691081916.0,1696000138.0,1700246635.0,1692881351.0,1668783270.0,1683135986.0,1692669265.0,1697113664.0,1693165001.0,1700351454.0,1697929565.0,1688877877.0,1699051370.0,1697034031.0,1667232037.0,1694537583.0,1696944192.0,1692724483.0,1684409415.0,1701256982.0,1700531890.0
1699605564.0,1699481848.0,1701696512.0,1691081465.0,1695908340.0,1700246510.0,1692880419.0,1668782928.0,1683074315.0,1692580117.0,1697113559.0,1692977309.0,1700350115.0,1697927866.0,1688877390.0,1699051168.0,1697034014.0,1667223389.0,1694446190.0,1696931251.0,1692682401.0,1684408605.0,1701255984.0,1700531685.0
1699605364.0,1699476019.0,1701695348.0,1691081366.0,1695866792.0,1700246416.0,1692706561.0,1668780723.0,1683065385.0,1692553777.0,1697112707.0,1692976403.0,1700343044.0,1697925782.0,1688866573.0,1699050827.0,1697033945.0,1667217488.0,1694445753.0,1696873239.0,1692669604.0,1684364903.0,1701254824.0,1700531516.0
1699544898.0,1699412823.0,1701695146.0,1691071567.0,1695864909.0,1700243932.0,1692540736.0,1668779559.0,1683065266.0,1692544621.0,1697111989.0,1692836072.0,1700340992.0,1697923522.0,1688739369.0,1699050178.0,1696992326.0,1667156338.0,1694393769.0,1696865143.0,1692669332.0,1684351079.0,1701247128.0,1700531406.0
1699544852.0,1699397103.0,1701695055.0,1690985520.0,1695863283.0,1700243117.0,1692540317.0,1668778823.0,1682995341.0,1692482736.0,1697105870.0,1692826546.0,1700329432.0,1697923467.0,1688694950.0,1699050108.0,1696992304.0,1667155657.0,1694362037.0,1696775021.0,1692215200.0,1684002154.0,1701247042.0,1700531065.0
1699541724.0,1699392291.0,1701695016.0,1690974071.0,1695862775.0,1700239127.0,1692416003.0,1668778782.0,1682993806.0,1692482671.0,1697104938.0,1692826005.0,1700329187.0,1697923355.0,1688681581.0,1699049794.0,1696992278.0,1667150579.0,1694295301.0,1696708218.0,1692114811.0,1683835697.0,1701246793.0,1700530986.0
1699541676.0,1699380445.0,1701694766.0,1690973507.0,1695852918.0,1700239010.0,1692415677.0,1668778352.0,1682990621.0,1692480165.0,1697100389.0,1692825881.0,1700328925.0,1697923266.0,1688679852.0,1699049748.0,1696992253.0,1667150546.0,1694294408.0,1696693260.0,1691984447.0,1683803599.0,1701220700.0,1700530912.0
1699541555.0,1699378048.0,1701693102.0,1690968364.0,1695852795.0,1700175775.0,1692415313.0,1668732977.0,1682980840.0,1692403945.0,1697078547.0,1692749338.0,1700327776.0,1697914027.0,1688500641.0,1699049668.0,1696992165.0,1667089327.0,1694293871.0,1696674387.0,1691981124.0,1683476680.0,1701219054.0,1700530853.0
1699541352.0,1699333683.0,1701692349.0,1690916300.0,1695848515.0,1700175540.0,1692389797.0,1668730451.0,1682733782.0,1692220833.0,1697050940.0,1692625640.0,1700326306.0,1697909687.0,1688422231.0,1699043052.0,1696992091.0,1667085776.0,1694205850.0,1696671601.0,1691934683.0,1683473741.0,1701218688.0,1700530596.0
1699536063.0,1699332432.0,1701673408.0,1690890244.0,1695841923.0,1700170614.0,1692381718.0,1668718552.0,1682424113.0,1692218800.0,1697044740.0,1692625010.0,1700320614.0,1697909580.0,1688401928.0,1699027883.0,1696992069.0,1667085696.0,1694186794.0,1696626387.0,1691930394.0,1683473582.0,1701218421.0,1700530465.0
1699535072.0,1699327715.0,1701646758.0,1690802459.0,1695837754.0,1700169231.0,1692370316.0,1668713911.0,1682416998.0,1692217989.0,1697039613.0,1692614068.0,1700320505.0,1697909483.0,1688390358.0,1699021590.0,1696977394.0,1667083888.0,1694186398.0,1696608939.0,1691874187.0,1683154215.0,1701218412.0,1700530230.0
1699535060.0,1699319039.0,1701636509.0,1690578098.0,1695830433.0,1700160579.0,1692370210.0,1668710816.0,1682411287.0,1692215901.0,1697038865.0,1692575982.0,1700286943.0,1697909392.0,1688257994.0,1698958808.0,1696977360.0,1667083818.0,1694113269.0,1696608045.0,1691855031.0,1683154085.0,1701218241.0,1700529945.0
1699529696.0,1699309534.0,1701632390.0,1690466998.0,1695830390.0,1700159952.0,1692369974.0,1668710667.0,1682410020.0,1692204226.0,1697031088.0,1692575970.0,1700266287.0,1697909317.0,1688177750.0,1698955539.0,1696977341.0,1667083139.0,1694113018.0,1696605242.0,1691803854.0,1683153813.0,1701218067.0,1700529639.0
1699529590.0,1699307478.0,1701631523.0,1690420276.0,1695822283.0,1700159757.0,1692367991.0,1668701222.0,1682247368.0,1692203992.0,1697026380.0,1692536076.0,1700265861.0,1697909273.0,1688177124.0,1698937577.0,1696977326.0,1667083000.0,1694112958.0,1696585651.0,1691785747.0,1683144865.0,1701217824.0,1700529593.0
1699529306.0,1699302236.0,1701630624.0,1690419873.0,1695822084.0,1700157815.0,1692215339.0,1668700312.0,1682246703.0,1692157425.0,1697025869.0,1692483969.0,1700262350.0,1697847512.0,1688176486.0,1698888960.0,1696977312.0,1667082640.0,1694028196.0,1696536359.0,1691776597.0,1683030194.0,1701217749.0,1700529518.0
1699527320.0,1699298639.0,1701623796.0,1690389558.0,1695776336.0,1700156951.0,1692192791.0,1668693431.0,1682138044.0,1692155120.0,1697025856.0,1692479505.0,1700248943.0,1697830907.0,1688159984.0,1698888719.0,1696972449.0,1667082442.0,1694015765.0,1696528680.0,1691690712.0,1682995766.0,1701217636.0,1700529465.0
1699525458.0,1699255080.0,1701621475.0,1690389386.0,1695775113.0,1700155659.0,1692186565.0,1668645293.0,1682134351.0,1692154411.0,1697024035.0,1692479025.0,1700243762.0,1697830254.0,1688159817.0,1698888333.0,1696972104.0,1667082317.0,1694015423.0,1696528036.0,1691625763.0,1682994800.0,1701217594.0,1700528931.0
1699519761.0,1699238220.0,1701620961.0,1690326907.0,1695775072.0,1700154305.0,1692185695.0,1668639548.0,1682133401.0,1692153615.0,1697023296.0,1692477811.0,1700236803.0,1697827858.0,1688149840.0,1698888167.0,1696971992.0,1667082221.0,1694007142.0,1696517774.0,1691607113.0,1682994760.0,1701217396.0,1700528910.0
1699519722.0,1699235563.0,1701620308.0,1690307949.0,1695775039.0,1700082731.0,1692185295.0,1668639431.0,1682122485.0,1692152513.0,1697023041.0,1692475058.0,1700235159.0,1697803850.0,1688149218.0,1698888093.0,1696971915.0,1667082157.0,1694007077.0,1696517672.0,1691588039.0,1682993521.0,1701217249.0,1700528873.0
1699477872.0,1699235444.0,1701555083.0,1690306150.0,1695774895.0,1700075672.0,1692121596.0,1668637722.0,1682116568.0,1692152259.0,1696997272.0,1692471819.0,1700228325.0,1697769723.0,1688082121.0,1698878168.0,1696971792.0,1667081963.0,1694005677.0,1696512086.0,1691545888.0,1682543361.0,1701212747.0,1700510345.0
1699477818.0,1699212405.0,1701547737.0,1689879994.0,1695767455.0,1700074928.0,1692121487.0,1668630358.0,1682109220.0,1692122862.0,1696995276.0,1692471473.0,1700217277.0,1697769012.0,1688072397.0,1698876500.0,1696971731.0,1667081409.0,1694004586.0,1696450706.0,1691545844.0,1681429667.0,1701211264.0,1700510164.0
1699459080.0,1699210862.0,1701547544.0,1689874095.0,1695767153.0,1700073978.0,1692121368.0,1668629843.0,1681996762.0,1692115152.0,1696994650.0,1692245341.0,1700217080.0,1697768830.0,1688062127.0,1698873214.0,1696971665.0,1667080028.0,1694004056.0,1696448342.0,1691545560.0,1681265459.0,1701211136.0,1700509920.0
1699458904.0,1699165980.0,1701547192.0,1689869202.0,1695760702.0,1700061187.0,1692100221.0,1668629562.0,1681950308.0,1692115021.0,1696978517.0,1692005213.0,1700181677.0,1697747694.0,1688061773.0,1698869837.0,1696971601.0,1667018297.0,1693855806.0,1696445548.0,1691512828.0,1681253463.0,1701210435.0,1700509513.0
1699458577.0,1699151610.0,1701544608.0,1689798399.0,1695760630.0,1700061044.0,1692012901.0,1668624171.0,1681935850.0,1692059858.0,1696978403.0,1691995519.0,1700180263.0,1697742831.0,1687986317.0,1698869758.0,1696970941.0,1667018052.0,1693827189.0,1696433923.0,1691461584.0,1681252398.0,1701210290.0,1700509190.0
1699098768.0,1699143714.0,1701530823.0,1689359381.0,1695760571.0,1699983182.0,1691785460.0,1668623289.0,1681935537.0,1692059384.0,1696974669.0,1691814717.0,1700164173.0,1697716378.0,1687900689.0,1698867741.0,1696970905.0,1667011449.0,1693740599.0,1696426229.0,1691442292.0,1681007383.0,1701201624.0,1700508900.0
1699098561.0,1699126090.0,1701526328.0,1689195993.0,1695760519.0,1699981762.0,1691785366.0,1668617643.0,1681935431.0,1692058120.0,1696957118.0,1691814627.0,1700161991.0,1697685440.0,1687892335.0,1698864629.0,1696970888.0,1667011074.0,1693590376.0,1696420745.0,1691442038.0,1680705816.0,1701201585.0,1700508697.0
1698854000.0,1699122609.0,1701525460.0,1689191662.0,1695759726.0,1699981601.0,1691774711.0,1668616819.0,1681934562.0,1692053528.0,1692230201.0,1691610048.0,1700161943.0,1697579686.0,1687876760.0,1698864565.0,1696970833.0,1667009983.0,1693582630.0,1696412672.0,1691441952.0,1680568018.0,1701198452.0,1700508591.0
1698853961.0,1699079685.0,1701525062.0,1689191470.0,1695759280.0,1699978519.0,1691772744.0,1668615775.0,1681909865.0,1692052296.0,1692209802.0,1691607821.0,1700161194.0,1697569290.0,1687869791.0,1698854942.0,1696970795.0,1667009955.0,1693574742.0,1696365457.0,1691340483.0,1680475136.0,1701196814.0,1700354410.0
1698849069.0,1699068449.0,1701524849.0,1689095169.0,1695757535.0,1699923850.0,1691595458.0,1668588695.0,1681867099.0,1692051459.0,1692208543.0,1691607295.0,1700157085.0,1697493232.0,1687828725.0,1698852973.0,1696970721.0,1667008439.0,1693571933.0,1696356666.0,1691289735.0,1680474512.0,1701196070.0,1700323881.0
1698849001.0,1699059171.0,1701493515.0,1688417397.0,1695757521.0,1699911184.0,1691576651.0,1668531342.0,1681852787.0,1692051250.0,1692208308.0,1691603504.0,1700156640.0,1697492126.0,1687822667.0,1698852904.0,1696970694.0,1667007387.0,1693571715.0,1696347774.0,1691264095.0,1680458593.0,1701189325.0,1700320812.0
1698764617.0,1699011271.0,1701493184.0,1688146811.0,1695754316.0,1699910836.0,1691573723.0,1668531206.0,1681818920.0,1692050717.0,1692207931.0,1691602921.0,1700150016.0,1697486553.0,1687816521.0,1698852786.0,1696970679.0,1666995228.0,1693570443.0,1696346469.0,1691263217.0,1680394521.0,1701189311.0,1700320395.0
1698764579.0,1699008279.0,1701482546.0,1688146153.0,1694871211.0,1699904501.0,1691572338.0,1668519348.0,1681764562.0,1692050376.0,1692198557.0,1691602701.0,1700149217.0,1697466384.0,1687805186.0,1698849660.0,1696970660.0,1666994148.0,1693568756.0,1696327063.0,1691257591.0,1680379073.0,1701187369.0,1700244220.0
1698758619.0,1698961073.0,1701479515.0,1688145471.0,1694829490.0,1699904239.0,1691571927.0,1668393976.0,1681764506.0,1692050229.0,1692197800.0,1691602693.0,1700148718.0,1697466279.0,1687746556.0,1698843794.0,1696970604.0,1666991502.0,1693490475.0,1696324351.0,1691184584.0,1680292412.0,1701168113.0,1700167457.0
1698756855.0,1698957784.0,1701476970.0,1688145352.0,1694714066.0,1699903951.0,1691564825.0,1668393528.0,1681749773.0,1691973557.0,1692197628.0,1691573858.0,1700146157.0,1697461549.0,1687482446.0,1698843600.0,1696963226.0,1666980540.0,1693442568.0,1696324255.0,1691183263.0,1680290493.0,1701157605.0,1700154521.0
1698742940.0,1698957565.0,1701476048.0,1688144916.0,1694702269.0,1699901752.0,1691525186.0,1668389116.0,1681747390.0,1691973104.0,1692195344.0,1691573732.0,1700135775.0,1697460748.0,1687131335.0,1698843521.0,1696963155.0,1666965600.0,1693442527.0,1696324208.0,1691182551.0,1680270453.0,1701134575.0,1700152443.0
1698742321.0,1698949861.0,1701465902.0,1688144750.0,1694698284.0,1699901565.0,1691523175.0,1668371126.0,1681747335.0,1691964600.0,1692195248.0,1691572996.0,1700132272.0,1697460373.0,1687008901.0,1698800495.0,1696963076.0,1666965039.0,1693442444.0,1696243769.0,1691171976.0,1680184248.0,1701132788.0,1700106542.0
1698674475.0,1698945537.0,1701465643.0,1688144713.0,1694693430.0,1699900736.0,1691520609.0,1668370495.0,1681747134.0,1691956860.0,1692192098.0,1691572913.0,1700110161.0,1697460213.0,1686885760.0,1698800433.0,1696963058.0,1666963456.0,1693159727.0,1696166707.0,1691108307.0,1679938248.0,1701132354.0,1700060744.0
1698674308.0,1698897946.0,1701464971.0,1688144610.0,1694691810.0,1699899545.0,1691520112.0,1668370258.0,1681746994.0,1691956647.0,1692192052.0,1691434083.0,1700110038.0,1697459831.0,1686882136.0,1698800141.0,1696961224.0,1666963412.0,1693159469.0,1696160972.0,1690858203.0,1679838636.0,1701131185.0,1700024408.0
1698672848.0,1698866658.0,1701463575.0,1688144464.0,1694663017.0,1699899490.0,1691519448.0,1668369970.0,1681746788.0,1691946141.0,1692191955.0,1691434044.0,1700103241.0,1697459226.0,1686881505.0,1698799971.0,1696960894.0,1666959526.0,1693143199.0,1696108202.0,1690831336.0,1679786584.0,1701131091.0,1699899953.0
1698672494.0,1698862790.0,1701463532.0,1688144211.0,1694662818.0,1699833360.0,1691519108.0,1668359096.0,1681742135.0,1691945666.0,1692191406.0,1691375738.0,1700088168.0,1697459033.0,1686879335.0,1698799653.0,1696960804.0,1666917299.0,1693142766.0,1696106923.0,1690740708.0,1679778612.0,1701129417.0,1699896997.0
1698671262.0,1698853289.0,1701463014.0,1688144008.0,1694488905.0,1699832359.0,1691509251.0,1668359044.0,1681741988.0,1691944591.0,1692102144.0,1691375723.0,1700085189.0,1697458814.0,1686859690.0,1698799568.0,1696953093.0,1666903910.0,1693001969.0,1696097693.0,1690562148.0,1679680633.0,1701129351.0,1699895666.0
1698670545.0,1698852106.0,1701462699.0,1688143669.0,1694023539.0,1699832125.0,1691509160.0,1668358882.0,1681741909.0,1691879856.0,1692102024.0,1691349856.0,1700084573.0,1697455147.0,1686859080.0,1698799414.0,1696604325.0,1666897053.0,1692876374.0,1696095520.0,1690494507.0,1679679613.0,1701129027.0,1699890682.0
1698670048.0,1698851568.0,1701462060.0,1688133723.0,1694022701.0,1699814249.0,1691508929.0,1668342145.0,1681741729.0,1691859517.0,1692101003.0,1691349383.0,1700080369.0,1697422903.0,1686775101.0,1698799338.0,1696528056.0,1666881827.0,1692715321.0,1696032683.0,1690489024.0,1679427436.0,1701128397.0,1699889631.0
1698667633.0,1698851513.0,1701461973.0,1688092755.0,1694022566.0,1699770721.0,1691507863.0,1668168771.0,1681741513.0,1691859395.0,1692096240.0,1691141695.0,1700076110.0,1697329869.0,1686774819.0,1698799308.0,1696368618.0,1666829686.0,1692703897.0,1696024299.0,1690487243.0,1679424095.0,1701123809.0,1699871250.0
1698663860.0,1698851441.0,1701461711.0,1688090327.0,1694021991.0,1699764590.0,1691503431.0,1668115420.0,1681741274.0,1691842095.0,1692017476.0,1691124592.0,1700075251.0,1697230039.0,1686694345.0,1698784059.0,1696368581.0,1666829602.0,1692658810.0,1696001167.0,1690486217.0,1679203922.0,1701123000.0,1699831253.0
1698663813.0,1698851286.0,1701460260.0,1688090171.0,1694021860.0,1699736268.0,1691502723.0,1668113425.0,1681740284.0,1691812462.0,1691955746.0,1691124285.0,1700070669.0,1697220973.0,1686676227.0,1698773077.0,1696358593.0,1666829209.0,1692631770.0,1695988168.0,1690428600.0,1679203550.0,1701122937.0,1699805838.0
1698643808.0,1698795441.0,1701459849.0,1688089957.0,1694020969.0,1699729996.0,1691499305.0,1668110983.0,1681740150.0,1691797879.0,1691871245.0,1691104255.0,1700058607.0,1697220239.0,1686662768.0,1698771131.0,1696353334.0,1666827471.0,1692631703.0,1695986525.0,1690417313.0,1679156570.0,1701119269.0,1699554180.0
1698627186.0,1698783099.0,1701458280.0,1688080006.0,1694020878.0,1699729209.0,1691499136.0,1668110784.0,1681739475.0,1691797387.0,1691870475.0,1691102840.0,1700053037.0,1697220038.0,1686661946.0,1698770896.0,1696353261.0,1666823715.0,1692619737.0,1695981880.0,1690388074.0,1679072607.0,1701117449.0,1699553804.0
1698421288.0,1698779088.0,1701457722.0,1688079932.0,1694011330.0,1699723788.0,1691453789.0,1668106317.0,1681739025.0,1691770065.0,1691849520.0,1691101212.0,1700017420.0,1697140606.0,1686358694.0,1698770664.0,1696353154.0,1666802897.0,1692619597.0,1695981603.0,1690348601.0,1679056736.0,1701117047.0,1699405423.0
1698421127.0,1698717304.0,1701456987.0,1688079273.0,1694010386.0,1699723493.0,1691453492.0,1668105845.0,1681738771.0,1691768662.0,1691846270.0,1691101104.0,1700008252.0,1697140441.0,1686231254.0,1698770590.0,1696303612.0,1666795155.0,1692550371.0,1695929366.0,1690046220.0,1679018693.0,1701116632.0,1699404691.0
1698417507.0,1698688587.0,1701456830.0,1688077605.0,1694008947.0,1699720887.0,1691441081.0,1668105744.0,1681738657.0,1691768512.0,1691844440.0,1691091886.0,1699994439.0,1697139715.0,1686185598.0,1698770318.0,1696303564.0,1666791126.0,1692446050.0,1695925239.0,1689907905.0,1679017966.0,1701115204.0,1699404635.0
1698417319.0,1698623220.0,1701454751.0,1688072498.0,1693954457.0,1699716829.0,1691440405.0,1668103313.0,1681737945.0,1691768129.0,1691792669.0,1691091672.0,1699990937.0,1697139460.0,1686093657.0,1698770180.0,1696264676.0,1666729982.0,1692404443.0,1695924813.0,1689901225.0,1679000026.0,1701113440.0,1699392058.0
1698417067.0,1698602624.0,1701453553.0,1688072337.0,1693948743.0,1699714044.0,1691440038.0,1668103257.0,1681737891.0,1691767890.0,1691780767.0,1691013235.0,1699977964.0,1696966574.0,1685751285.0,1698770134.0,1696139124.0,1666727737.0,1692293370.0,1695920142.0,1689873545.0,1678999253.0,1701111580.0,1699392003.0
1698416989.0,1698510372.0,1701453116.0,1688067599.0,1693948614.0,1699670478.0,1691439730.0,1668103169.0,1681736230.0,1691767494.0,1691779510.0,1691012480.0,1699976860.0,1696955150.0,1685668951.0,1698769862.0,1696127424.0,1666715987.0,1692289655.0,1695907322.0,1689865733.0,1678907267.0,1701111509.0,1699386373.0
1698416200.0,1698506823.0,1701451418.0,1688066950.0,1693926781.0,1699659112.0,1691439536.0,1668100372.0,1681735843.0,1691718183.0,1691775005.0,1691009098.0,1699972881.0,1696954272.0,1685620682.0,1698769788.0,1696127012.0,1666715614.0,1692287920.0,1695903227.0,1689819583.0,1678891706.0,1701110798.0,1699386150.0
1698415962.0,1698426920.0,1701448470.0,1688066745.0,1693924611.0,1699658686.0,1691415815.0,1668099687.0,1681735753.0,1691717394.0,1691774662.0,1690998652.0,1699965894.0,1696951807.0,1685546990.0,1698769746.0,1695996082.0,1666663768.0,1692287659.0,1695827462.0,1689637444.0,1678889966.0,1701110021.0,1699380335.0
1698415800.0,1698419875.0,1701448024.0,1688062168.0,1693923582.0,1699648819.0,1691336934.0,1668096032.0,1681733734.0,1691706649.0,1691773180.0,1690998634.0,1699965785.0,1696951670.0,1685546891.0,1698710249.0,1695944508.0,1666645904.0,1692283408.0,1695811200.0,1689629593.0,1678889668.0,1701109657.0,1699338779.0
1698414284.0,1698418188.0,1701447781.0,1688032076.0,1693923386.0,1699648337.0,1691325323.0,1668095467.0,1681733167.0,1691706317.0,1691772813.0,1690993795.0,1699953095.0,1696951356.0,1685538714.0,1698700984.0,1695944488.0,1666642334.0,1692236327.0,1695809648.0,1689629504.0,1678797089.0,1701109491.0,1699154861.0
1698413526.0,1698412096.0,1701447682.0,1687985041.0,1693881898.0,1699647955.0,1691324864.0,1668088941.0,1681732926.0,1691702644.0,1691772396.0,1690993420.0,1699949853.0,1696945818.0,1685501493.0,1698699564.0,1695931438.0,1666636648.0,1692149463.0,1695764605.0,1689447771.0,1678761146.0,1701108724.0,1699129053.0
